elapsed_time(s),inner_steps,outer_steps,pd_gap
2.1493e-5,0,1,0.01689531624479761
0.437072,9484,11,0.010124088523580642
0.463092,14782,21,0.007327051167400202
0.48476,19116,31,0.0058187497549034226
0.503558,22809,41,0.0049086739678566756
0.520158,26052,51,0.004260952464501708
0.535132,28946,61,0.0037842973713586945
0.548939,31580,71,0.003414968818491824
0.561877,34020,81,0.003125748701828775
0.572612,36155,91,0.002890773762624671
0.583638,38233,101,0.0026914959824015476
0.593153,40139,111,0.0025212611323877903
0.602953,41967,121,0.0023734807035540022
0.61195,43803,131,0.002242094045370402
0.620976,45500,141,0.002127714537480686
0.628982,47115,151,0.0020251573585488205
0.637673,48722,161,0.001936613543955884
0.644987,50212,171,0.0018572783858719077
0.65285,51679,181,0.0017847743202924517
0.660102,53158,191,0.0017205032210967398
0.666993,54549,201,0.0016652764366352456
0.674676,55993,211,0.0016147035645199554
0.681659,57407,221,0.0015669382832237625
0.688903,58742,231,0.0015227726867030889
0.695258,60005,241,0.0014820406660705169
0.701743,61304,251,0.0014462804813594153
0.708769,62583,261,0.0014169753862609182
0.714752,63783,271,0.0013910481894983152
0.720811,64989,281,0.0013672649419915767
0.72778,66261,291,0.0013443144498583859
0.733965,67508,301,0.0013223366889416471
0.739778,68677,311,0.001301014377903191
0.746219,69826,321,0.0012803041465321227
0.751867,70947,331,0.0012602110678481618
0.757452,72069,341,0.001240852438861021
0.763713,73190,351,0.0012215311718617086
0.769324,74301,361,0.001202508897329051
0.774691,75384,371,0.001184356767593665
0.780727,76444,381,0.0011666743694578197
0.786078,77493,391,0.0011508913682459938
0.791298,78546,401,0.001136103933189676
0.796265,79550,411,0.0011226560742829909
0.801989,80563,421,0.0011108854421838128
0.80707,81589,431,0.0010993743204586182
0.811905,82570,441,0.0010876675865967786
0.817265,83533,451,0.0010757660649609677
0.822216,84532,461,0.0010636909266518828
0.826927,85477,471,0.0010517832181409382
0.831726,86441,481,0.001039758550366995
0.837066,87384,491,0.0010275190301835858
0.841631,88306,501,0.0010154478039871104
0.846286,89227,511,0.0010034983848922988
0.851034,90155,521,0.0009926953881255647
0.856322,91070,531,0.000981666742998039
0.860827,91965,541,0.0009706687924623258
0.865522,92899,551,0.0009594012569749122
0.869993,93790,561,0.0009481006165678475
0.875086,94687,571,0.0009370014041955796
0.879462,95571,581,0.0009258630522496567
0.883826,96454,591,0.0009155672758859347
0.888317,97360,601,0.0009054178417447125
0.893295,98243,611,0.00089595217434108
0.89758,99110,621,0.0008867731257195411
0.901908,99983,631,0.0008777136680036459
0.906144,100840,641,0.0008687311524139922
0.911135,101714,651,0.0008597961611660696
0.915425,102575,661,0.0008510100376939618
0.91967,103432,671,0.00084232562374352
0.923817,104270,681,0.0008335479205436817
0.928593,105098,691,0.0008249552323080379
0.932732,105932,701,0.0008163878925516264
0.936928,106779,711,0.0008078484549035141
0.941114,107612,721,0.0007994478486541019
0.945838,108435,731,0.0007912261726652752
0.949796,109235,741,0.0007838894400050232
0.953775,110039,751,0.0007765859546808168
0.957829,110860,761,0.0007691484059570049
0.962387,111669,771,0.0007617379147640095
0.966351,112470,781,0.0007544339350804147
0.970154,113236,791,0.0007471508127737669
0.97412,114033,801,0.0007398301596298444
0.978065,114830,811,0.0007326160627800157
0.982621,115620,821,0.000725353500208057
0.986577,116410,831,0.0007183898932404051
0.99054,117206,841,0.0007117916273208236
0.994427,117986,851,0.000705293365512609
0.999055,118782,861,0.0006993726119406303
1.00283,119544,871,0.0006942971226189445
1.00646,120273,881,0.0006892824837967607
1.01013,121013,891,0.0006844308598810567
1.01379,121753,901,0.0006804136635987102
1.01805,122493,911,0.0006763401343629835
1.02172,123235,921,0.0006722332723884897
1.02539,123971,931,0.0006680164891131497
1.02898,124692,941,0.0006637436328585256
1.03259,125423,951,0.0006594321687675517
1.03675,126138,961,0.0006550501749741505
1.04031,126853,971,0.0006505144839136934
1.04384,127568,981,0.0006459482543045847
1.04725,128255,991,0.0006414172786824417
1.05145,128984,1001,0.00063682035611279
1.05497,129694,1011,0.0006322131985584765
1.05852,130414,1021,0.0006274439324848394
1.06201,131117,1031,0.000622622872363636
1.06543,131807,1041,0.0006177070241098793
1.06938,132481,1051,0.0006130566485086537
1.07273,133153,1061,0.0006087235375110966
1.07614,133840,1071,0.000604393600279432
1.07948,134519,1081,0.0005999590361306529
1.08284,135197,1091,0.0005955788233428135
1.08636,135909,1101,0.0005913324652862921
1.09038,136599,1111,0.0005869098924116307
1.09377,137277,1121,0.0005824544811991288
1.09716,137958,1131,0.0005780841643283647
1.10045,138620,1141,0.0005735905957033275
1.10385,139298,1151,0.0005692111711338363
1.10786,139962,1161,0.00056463822635398
1.11118,140624,1171,0.0005601192574255266
1.11448,141288,1181,0.0005555834198941317
1.11781,141951,1191,0.0005509761942442543
1.12129,142644,1201,0.0005473549248189574
1.12528,143307,1211,0.0005437848676807973
1.12863,143976,1221,0.0005402666704423815
1.13188,144623,1231,0.0005367626183590476
1.13519,145285,1241,0.0005332561071462773
1.13848,145945,1251,0.0005297048311434949
1.1423,146591,1261,0.0005268656057559624
1.1455,147231,1271,0.0005241179823366245
1.14871,147877,1281,0.0005212563461209508
1.15196,148526,1291,0.0005183954749308876
1.15525,149186,1301,0.0005155051156884895
1.15849,149836,1311,0.0005125822933074488
1.16231,150484,1321,0.0005100112621555415
1.16558,151140,1331,0.0005075884797751881
1.16875,151775,1341,0.0005051011525503465
1.17191,152405,1351,0.0005026219508059166
1.17514,153056,1361,0.0004999706538046621
1.17894,153699,1371,0.0004974033689504834
1.18209,154331,1381,0.0004948268383091758
1.18528,154971,1391,0.0004925751705547148
1.18829,155571,1401,0.0004907391729900342
1.19139,156190,1411,0.0004888677186275607
1.19444,156802,1421,0.00048686611902832785
1.19815,157419,1431,0.0004848815151025157
1.20129,158049,1441,0.00048289123415217947
1.2044,158669,1451,0.0004809206686911798
1.20751,159281,1461,0.00047884579216882564
1.21049,159874,1471,0.00047690302131206917
1.21423,160501,1481,0.0004749148024142426
1.21728,161107,1491,0.00047288835135268943
1.22043,161732,1501,0.00047084548774577184
1.22352,162349,1511,0.00046870527835081617
1.2265,162942,1521,0.00046651447627553584
1.22958,163558,1531,0.0004643895222802043
1.23329,164161,1541,0.0004622036006646964
1.2363,164763,1551,0.0004601039698566966
1.23934,165370,1561,0.00045819014421628543
1.24231,165962,1571,0.0004561828049394097
1.24535,166570,1581,0.0004542203941412335
1.24837,167173,1591,0.000452219155098613
1.25211,167777,1601,0.0004501233469298687
1.25503,168354,1611,0.0004481022463948877
1.25794,168932,1621,0.0004460148221492582
1.26094,169529,1631,0.00044381753321508753
1.26391,170121,1641,0.0004416088647240038
1.26681,170699,1651,0.0004394309726814677
1.27044,171288,1661,0.0004372327561267264
1.27335,171866,1671,0.00043498159850394527
1.27634,172461,1681,0.00043269668351330476
1.27927,173045,1691,0.0004303205098663415
1.2822,173630,1701,0.000427967271211702
1.28513,174216,1711,0.0004256438744947525
1.28856,174781,1721,0.0004234459786869194
1.2915,175367,1731,0.0004212392436057557
1.29452,175970,1741,0.0004189419588519674
1.29747,176556,1751,0.0004166653183321975
1.30034,177128,1761,0.0004143583781110356
1.30385,177701,1771,0.00041194910568069683
1.30663,178254,1781,0.0004095937990865779
1.30955,178837,1791,0.00040725080401528106
1.31247,179417,1801,0.0004048308779894816
1.31547,180016,1811,0.00040233019544322693
1.3183,180580,1821,0.00039987908184302423
1.32117,181154,1831,0.00039739793122215566
1.32458,181715,1841,0.00039487240151069025
1.32747,182293,1851,0.0003923464304395573
1.3303,182856,1861,0.0003898176352099738
1.33313,183423,1871,0.0003872946757702885
1.33598,183993,1881,0.00038493451406685156
1.33882,184561,1891,0.0003827269745934215
1.34296,185132,1901,0.0003805722147985375
1.34577,185685,1911,0.00037832798460445127
1.34867,186244,1921,0.00037602167636265407
1.35168,186806,1931,0.0003739347813317487
1.35456,187368,1941,0.0003725350714888966
1.35742,187930,1951,0.0003712004036274096
1.36095,188476,1961,0.0003697748549918566
1.36367,189009,1971,0.0003683496211687974
1.36643,189553,1981,0.0003668388119691477
1.36923,190104,1991,0.00036536570187259594
1.37211,190671,2001,0.00036388557996863864
1.37487,191216,2011,0.0003623944480648962
1.37836,191774,2021,0.00036090455571147206
1.38116,192330,2031,0.0003593772521398534
1.3839,192872,2041,0.000358036054263192
1.38665,193417,2051,0.000356794399420296
1.38952,193979,2061,0.00035552996002724373
1.3923,194519,2071,0.0003543093398692219
1.39575,195064,2081,0.0003530749392963734
1.39853,195607,2091,0.0003519741685000556
1.40124,196140,2101,0.0003508398300940182
1.40398,196684,2111,0.0003496477840838983
1.40674,197233,2121,0.0003484458246173477
1.40948,197778,2131,0.00034723103997617855
1.41215,198308,2141,0.0003460226400370768
1.41547,198838,2151,0.00034471128288760325
1.41827,199395,2161,0.00034337308799733957
1.42095,199925,2171,0.00034204642157576425
1.42358,200453,2181,0.0003406344224252747
1.42626,200993,2191,0.0003394214334092663
1.42888,201516,2201,0.0003385343125788011
1.43208,202046,2211,0.000337599897075205
1.43486,202602,2221,0.0003366219236824886
1.43744,203119,2231,0.0003355779679881307
1.44015,203655,2241,0.00033444259538793764
1.44295,204217,2251,0.0003333398634994423
1.44558,204744,2261,0.0003322264247056783
1.44822,205272,2271,0.0003310054036774167
1.45149,205805,2281,0.0003298375933866015
1.45405,206315,2291,0.00032859004152645775
1.45665,206832,2301,0.00032734861166928454
1.45934,207367,2311,0.00032603188262647284
1.46203,207906,2321,0.00032473664236170804
1.46469,208436,2331,0.00032355199939352285
1.46787,208943,2341,0.0003223645070961345
1.47047,209458,2351,0.00032118238685893696
1.47308,209979,2361,0.00032000749707018425
1.47574,210511,2371,0.000318793266987312
1.47836,211031,2381,0.00031753879086644093
1.4809,211538,2391,0.00031628233765615757
1.48346,212047,2401,0.0003150436592112421
1.48671,212580,2411,0.0003137386827601011
1.48928,213092,2421,0.0003124444278631098
1.49189,213612,2431,0.00031115765639933186
1.49444,214120,2441,0.0003098774881055942
1.49712,214656,2451,0.00030860349432050745
1.4997,215168,2461,0.0003072506253018262
1.50236,215696,2471,0.00030593190779873956
1.5056,216205,2481,0.0003045754251159629
1.50824,216729,2491,0.0003032129910018073
1.51075,217226,2501,0.0003018819017361323
1.51328,217730,2511,0.00030049178888231706
1.51588,218245,2521,0.0002990692231691072
1.51829,218724,2531,0.0002977033729416878
1.5209,219245,2541,0.00029630288726190286
1.52405,219753,2551,0.00029485266736840356
1.52654,220249,2561,0.00029343334286203657
1.52903,220743,2571,0.0002920017996473831
1.53152,221237,2581,0.00029054622172029233
1.53405,221742,2591,0.00028913597247358196
1.53658,222243,2601,0.0002879596983352585
1.53898,222722,2611,0.00028690805803101467
1.54205,223218,2621,0.0002858115081754223
1.54446,223697,2631,0.0002847428565277751
1.54696,224195,2641,0.0002836150405295234
1.54935,224669,2651,0.00028249803253366755
1.55186,225166,2661,0.0002813926444493516
1.55432,225650,2671,0.0002802557384049536
1.55688,226156,2681,0.0002791359078504786
1.56008,226649,2691,0.0002779702787651592
1.56264,227155,2701,0.0002768257958320197
1.56501,227622,2711,0.0002756567102068178
1.56755,228115,2721,0.0002744836739550921
1.57007,228610,2731,0.0002733072066755868
1.57245,229077,2741,0.00027210728997240953
1.57489,229558,2751,0.0002709117790416684
1.57795,230026,2761,0.00026974003360998207
1.58042,230513,2771,0.00026870463939785046
1.58293,231008,2781,0.0002677958876399992
1.58534,231483,2791,0.0002671713004082036
1.58773,231952,2801,0.0002665694550344211
1.59018,232436,2811,0.00026600603822049193
1.59268,232932,2821,0.00026537391727715284
1.59586,233425,2831,0.00026472691582283235
1.59846,233939,2841,0.0002640949785938686
1.60091,234420,2851,0.00026343006878478195
1.60331,234895,2861,0.00026282293816249497
1.60572,235372,2871,0.0002623446242396698
1.60807,235833,2881,0.0002618926583183717
1.61049,236314,2891,0.0002613740467449898
1.61354,236786,2901,0.00026084735689390313
1.61604,237279,2911,0.00026032853394442924
1.61844,237754,2921,0.0002597893360192418
1.62078,238216,2931,0.0002592587168264368
1.62318,238689,2941,0.00025867227822368513
1.62547,239142,2951,0.00025813735960030296
1.62788,239617,2961,0.0002575455437723931
1.63096,240095,2971,0.00025693305682253365
1.63336,240568,2981,0.00025634082676295397
1.63577,241047,2991,0.0002557151420837459
1.63815,241514,3001,0.00025509100875330433
1.64047,241972,3011,0.00025446220741780386
1.64289,242454,3021,0.0002538295916871443
1.64523,242916,3031,0.0002531466222732183
1.6477,243405,3041,0.0002525006619531391
1.65089,243907,3051,0.00025190558986779195
1.65323,244370,3061,0.00025143551312097404
1.65551,244819,3071,0.0002509538318781826
1.65786,245284,3081,0.00025044749424119224
1.66013,245736,3091,0.0002499245760653381
1.6625,246204,3101,0.0002493940829664462
1.66479,246657,3111,0.0002488274600762723
1.6677,247117,3121,0.0002482730881261594
1.67013,247598,3131,0.0002477094789390469
1.6724,248049,3141,0.0002471415385831531
1.67477,248516,3151,0.0002465704018250643
1.67715,248979,3161,0.00024599705977721223
1.67949,249433,3171,0.0002454202341921428
1.68188,249901,3181,0.0002448586809143758
1.68427,250373,3191,0.0002442929622398539
1.68729,250835,3201,0.0002437007436830018
1.68965,251301,3211,0.00024324571045069784
1.69202,251768,3221,0.0002429888940372587
1.69435,252231,3231,0.00024267438825450668
1.69664,252683,3241,0.00024241137474978296
1.699,253152,3251,0.00024211805829661877
1.70127,253601,3261,0.0002418544196489212
1.70411,254038,3271,0.0002415472479198877
1.7064,254491,3281,0.00024124128453476175
1.70866,254939,3291,0.00024088485022383775
1.71093,255386,3301,0.00024054616124089163
1.71326,255848,3311,0.00024017977587540915
1.71553,256298,3321,0.00023980442634794277
1.71784,256756,3331,0.00023942953769389048
1.7201,257201,3341,0.00023906093268671012
1.723,257652,3351,0.00023879062357855772
1.72529,258096,3361,0.00023868744066665726
1.72766,258552,3371,0.0002385784068117871
1.72991,258995,3381,0.0002384424734931355
1.73217,259442,3391,0.00023829911168708577
1.73445,259890,3401,0.0002381070112559766
1.73669,260332,3411,0.00023790143040222644
1.73967,260782,3421,0.00023772286443445034
1.742,261237,3431,0.00023749767771993543
1.74423,261677,3441,0.0002372686727107661
1.74648,262117,3451,0.00023701832395439312
1.74867,262550,3461,0.00023677893918111134
1.75089,262988,3471,0.0002364707924546964
1.75314,263433,3481,0.00023615868544515223
1.75537,263873,3491,0.0002358261317357644
1.7583,264312,3501,0.0002355145566653189
1.76059,264760,3511,0.00023521429541787167
1.76282,265201,3521,0.0002348799330804622
1.76502,265635,3531,0.00023453765418322316
1.76722,266070,3541,0.00023419316202642586
1.76943,266506,3551,0.0002337959131070693
1.77163,266939,3561,0.00023335231364552018
1.77407,267386,3571,0.00023293332641170783
1.77714,267827,3581,0.0002325016251528457
1.77958,268265,3591,0.0002320400911356782
1.78204,268703,3601,0.00023155854258168074
1.78435,269120,3611,0.00023109248257892866
1.78659,269561,3621,0.0002306115509738537
1.78878,269992,3631,0.00023011645570245563
1.79101,270427,3641,0.00022960578748430945
1.79323,270862,3651,0.0002290919047191354
1.79605,271294,3661,0.00022850866931197096
1.79825,271726,3671,0.00022797273075411684
1.80032,272134,3681,0.00022740441684627674
1.80254,272573,3691,0.00022683572951837788
1.80477,273013,3701,0.00022626733507687298
1.807,273453,3711,0.0002256635890680262
1.80918,273884,3721,0.00022503552948177283
1.81134,274313,3731,0.00022437877260087294
1.81415,274747,3741,0.0002236978505809565
1.81638,275188,3751,0.0002230180094888682
1.81845,275596,3761,0.0002223601780637456
1.82073,276034,3771,0.00022169214447407062
1.82286,276452,3781,0.00022102465696833933
1.82505,276883,3791,0.00022031741027409533
1.82718,277303,3801,0.000219618413562132
1.8293,277720,3811,0.00021888970662053975
1.83206,278153,3821,0.00021816886511793164
1.83427,278583,3831,0.0002174091220158783
1.83638,279004,3841,0.00021665346835182675
1.83853,279419,3851,0.00021589768704033743
1.84077,279854,3861,0.00021513624133073436
1.84295,280281,3871,0.00021433752372213705
1.84515,280712,3881,0.00021356245325820922
1.84724,281127,3891,0.00021278282202945656
1.84994,281538,3901,0.00021201488740973592
1.8522,281969,3911,0.0002111953868926368
1.8543,282384,3921,0.0002103538759402855
1.85649,282817,3931,0.00020953504314308487
1.85862,283234,3941,0.00020870082353230054
1.86072,283652,3951,0.00020785299387454312
1.86292,284087,3961,0.00020703372415055953
1.86508,284515,3971,0.00020618092035275086
1.8677,284912,3981,0.00020548051278598822
1.86981,285328,3991,0.00020478386950041963
1.87192,285744,4001,0.0002040724229171332
1.87398,286154,4011,0.00020336622859425113
1.87615,286584,4021,0.00020264764837469446
1.87829,287009,4031,0.00020192315755068226
1.88046,287437,4041,0.00020118968648638776
1.8825,287842,4051,0.00020062318634498505
1.88458,288253,4061,0.00020006172725432585
1.88729,288672,4071,0.0001994626936896466
1.88946,289100,4081,0.000198861162543763
1.89158,289519,4091,0.0001982570670148332
1.89366,289928,4101,0.0001977926716601134
1.89583,290359,4111,0.00019731233933172922
1.89789,290767,4121,0.00019684161700467967
1.89987,291156,4131,0.00019641822169248237
1.90202,291582,4141,0.00019595906462902685
1.90463,291980,4151,0.000195500489343782
1.90668,292386,4161,0.0001950155633781859
1.90878,292800,4171,0.00019453769501363329
1.91086,293211,4181,0.00019408813050117435
1.91297,293624,4191,0.0001936213344086654
1.91509,294041,4201,0.00019317852103583125
1.91717,294448,4211,0.00019282405300703048
1.91919,294847,4221,0.000192445573313757
1.92186,295259,4231,0.00019204385709415024
1.92391,295662,4241,0.00019166495164540942
1.92592,296061,4251,0.00019128820808728998
1.92798,296469,4261,0.0001908850315851928
1.92998,296865,4271,0.00019047115730827686
1.93206,297278,4281,0.0001900643758613249
1.93408,297679,4291,0.00018966438910935322
1.93614,298086,4301,0.0001892569599173527
1.93813,298480,4311,0.0001888390196146169
1.94073,298888,4321,0.00018840457675423777
1.94271,299280,4331,0.0001879858679160705
1.94473,299682,4341,0.0001877038110557859
1.94682,300096,4351,0.00018749813423744703
1.94885,300497,4361,0.00018725830566319705
1.95095,300904,4371,0.00018703925068393884
1.95301,301312,4381,0.000186813309009555
1.95502,301708,4391,0.00018657766554488163
1.95767,302119,4401,0.00018632983105975817
1.95967,302514,4411,0.00018614467210431931
1.96163,302903,4421,0.00018598382366073404
1.96376,303323,4431,0.00018578672482403961
1.96576,303719,4441,0.00018558432617957893
1.96782,304126,4451,0.00018539101822244615
1.96974,304503,4461,0.00018519784263072714
1.97164,304879,4471,0.00018499645916030504
1.97374,305293,4481,0.00018477541064878915
1.97635,305695,4491,0.00018456006379928384
1.97835,306088,4501,0.00018435524605054515
1.98031,306478,4511,0.00018411711806838593
1.98227,306864,4521,0.00018386076096449204
1.98434,307277,4531,0.00018360781271104312
1.98637,307676,4541,0.00018334506689475331
1.98833,308061,4551,0.00018309156074011387
1.99041,308472,4561,0.00018284470147631078
1.99297,308865,4571,0.00018258000222487296
1.99486,309238,4581,0.0001823223602028367
1.99689,309639,4591,0.00018203591055038042
1.999,310055,4601,0.0001818429619009007
2.00096,310441,4611,0.00018164955510546754
2.00281,310807,4621,0.00018146351073112903
2.00481,311203,4631,0.0001812628918626616
2.00682,311599,4641,0.0001811511910294241
2.00876,311982,4651,0.00018109386416273465
2.01132,312373,4661,0.00018103905234409176
2.01332,312767,4671,0.00018098729872423336
2.01533,313164,4681,0.0001809069929466084
2.01736,313565,4691,0.00018084572554293368
2.0193,313945,4701,0.00018076767053319676
2.02128,314331,4711,0.00018069497906551997
2.02333,314714,4721,0.00018062086291357506
2.02575,315103,4731,0.00018053658029262322
2.02772,315481,4741,0.00018046766206722235
2.03069,315898,4751,0.00018034601029910495
2.0327,316282,4761,0.0001802503532801602
2.03461,316649,4771,0.00018015494116704542
2.03684,317040,4781,0.0001800586160552453
2.03888,317418,4791,0.00017994099223988744
2.0409,317797,4801,0.0001798361165462857
2.04291,318176,4811,0.00017971392613672608
2.04492,318557,4821,0.0001796105343268243
2.04696,318942,4831,0.00017948399785122464
2.0498,319325,4841,0.00017935693221000568
2.0518,319697,4851,0.00017923899910595766
2.05376,320064,4861,0.00017909779865503926
2.05583,320441,4871,0.00017896121256386587
2.05784,320821,4881,0.0001788250317890823
2.05999,321239,4891,0.0001786729239333703
2.06192,321614,4901,0.00017852328383305936
2.06399,322013,4911,0.00017835731385398498
2.06606,322402,4921,0.00017818549881812827
2.06893,322774,4931,0.00017800862191655158
2.07092,323145,4941,0.000177847061018567
2.07287,323518,4951,0.0001776706057635396
2.07483,323898,4961,0.0001774920151960003
2.0768,324276,4971,0.0001773044248503438
2.07867,324637,4981,0.00017709074478754194
2.0807,325020,4991,0.0001769402836633415
2.08281,325407,5001,0.000176802918776902
2.08483,325796,5011,0.0001766583927161388
2.08759,326183,5021,0.0001765005195596206
2.08951,326554,5031,0.00017634814737075427
2.09141,326927,5041,0.00017618263413421084
2.09335,327309,5051,0.0001760343259991689
2.09523,327677,5061,0.00017587751210866413
2.09726,328071,5071,0.0001756818655701091
2.09923,328446,5081,0.0001755047755304731
2.1012,328826,5091,0.00017531294862675392
2.10321,329211,5101,0.00017511306912097735
2.10602,329594,5111,0.000174898380809611
2.10798,329970,5121,0.00017467132498185864
2.10986,330340,5131,0.00017445115704485883
2.11195,330745,5141,0.00017421109939614807
2.11383,331116,5151,0.0001740023380307834
2.1158,331501,5161,0.00017378968691938827
2.11769,331873,5171,0.00017354996342347842
2.11958,332245,5181,0.0001733169999447899
2.12144,332610,5191,0.00017306206636812094
2.124,332987,5201,0.00017281441494419215
2.12588,333356,5211,0.00017255265211518073
2.12779,333731,5221,0.00017226522392024997
2.12966,334099,5231,0.00017201326469177582
2.13155,334468,5241,0.00017174732653896414
2.13341,334836,5251,0.00017145934289654156
2.13526,335200,5261,0.00017117863359991485
2.13714,335567,5271,0.00017090034015634047
2.13899,335929,5281,0.0001706014928652428
2.14144,336291,5291,0.00017029120677365325
2.1434,336671,5301,0.00016996616635322342
2.14526,337037,5311,0.00016965549206808365
2.14715,337407,5321,0.00016933699588852526
2.14911,337794,5331,0.00016902333215566313
2.15095,338156,5341,0.00016869114943661619
2.15285,338531,5351,0.00016836742932499656
2.15477,338910,5361,0.0001680274741009402
2.15664,339276,5371,0.00016768217529450694
2.15847,339636,5381,0.0001673285406067794
2.16089,339991,5391,0.00016696596802354136
2.16276,340357,5401,0.0001666165492580085
2.16461,340719,5411,0.00016624111053587486
2.16653,341098,5421,0.00016587253380306519
2.16842,341468,5431,0.000165482681473322
2.1703,341838,5441,0.00016508646735304347
2.17226,342223,5451,0.0001647062759694059
2.17407,342578,5461,0.0001643209509088403
2.17602,342960,5471,0.00016391340045864358
2.17846,343315,5481,0.0001635288297031131
2.18034,343685,5491,0.00016309326160486408
2.18209,344027,5501,0.00016267680948748274
2.18399,344401,5511,0.00016225379743697692
2.18579,344753,5521,0.0001618400036604642
2.18777,345142,5531,0.00016142317260482014
2.18961,345505,5541,0.00016100432799728143
2.19147,345869,5551,0.0001605720655207376
2.19338,346243,5561,0.00016012151897709485
2.19583,346612,5571,0.00015967033297107497
2.19772,346984,5581,0.00015922416885060311
2.1996,347353,5591,0.0001587820389616825
2.20143,347712,5601,0.00015842707832810707
2.20328,348074,5611,0.0001580711476029239
2.20507,348425,5621,0.0001577278343603966
2.20693,348790,5631,0.00015738879167159076
2.20879,349156,5641,0.00015703005576126264
2.21066,349522,5651,0.00015667638367522323
2.21254,349895,5661,0.00015629157727086763
2.21497,350253,5671,0.00015590918702496764
2.21677,350609,5681,0.0001555539626957557
2.21867,350985,5691,0.00015515785166352047
2.22052,351347,5701,0.00015477599158065895
2.22245,351727,5711,0.00015438658384678977
2.22434,352098,5721,0.0001539905051535697
2.22617,352458,5731,0.000153589277253589
2.22805,352824,5741,0.00015319445353834636
2.22984,353174,5751,0.0001527930075913668
2.23232,353541,5761,0.00015238965027566768
2.23414,353898,5771,0.00015199330955134593
2.23595,354254,5781,0.00015156152286792748
2.23777,354612,5791,0.00015122940161507205
2.23956,354960,5801,0.00015094640576266034
2.24141,355322,5811,0.00015067968685806427
2.24332,355695,5821,0.00015044295514158278
2.24511,356044,5831,0.0001501856815181151
2.247,356413,5841,0.00014991293928997597
2.2494,356764,5851,0.00014965657473258072
2.25123,357123,5861,0.00014940478533364242
2.25302,357475,5871,0.000149149686755886
2.25494,357852,5881,0.00014888670377218548
2.25676,358205,5891,0.00014862799969718975
2.2586,358566,5901,0.00014834395975956045
2.26041,358922,5911,0.00014806662039442038
2.26224,359278,5921,0.00014777192634107643
2.26415,359653,5931,0.00014759979276249453
2.26597,360008,5941,0.00014743100007656544
2.26841,360370,5951,0.00014726266119952612
2.27028,360735,5961,0.0001471071686094446
2.2721,361089,5971,0.0001469285508466922
2.27392,361445,5981,0.0001467524803377522
2.27566,361786,5991,0.00014657853006430806
2.2775,362146,6001,0.00014639250264002895
2.27933,362504,6011,0.00014619458377009183
2.28121,362872,6021,0.00014599617684875332
2.28298,363216,6031,0.00014580600484653816
2.28478,363569,6041,0.00014560460822402727
2.28729,363937,6051,0.00014538920728261392
2.28909,364288,6061,0.00014517300785711965
2.29095,364652,6071,0.00014496459383189775
2.2928,365015,6081,0.00014473111654398838
2.29465,365375,6091,0.00014450194179906582
2.29647,365731,6101,0.00014427488249496578
2.29834,366097,6111,0.00014403044835309062
2.30011,366445,6121,0.00014381771301508021
2.30186,366787,6131,0.00014362981447247312
2.30427,367131,6141,0.00014342451326510713
2.30608,367485,6151,0.00014324529262766707
2.30793,367849,6161,0.00014303955559693063
2.30966,368189,6171,0.0001428344791453446
2.31147,368544,6181,0.00014262375809881087
2.31326,368895,6191,0.00014240133359071962
2.31504,369243,6201,0.00014216038856507476
2.31688,369603,6211,0.00014191957978762146
2.31861,369943,6221,0.000141684046400253
2.32044,370298,6231,0.00014143979066444205
2.32296,370668,6241,0.0001411795606702914
2.32471,371011,6251,0.0001409137940460367
2.32651,371362,6261,0.00014063539557678147
2.32834,371719,6271,0.00014035813299811788
2.3301,372065,6281,0.0001400893623706989
2.33194,372425,6291,0.00013981911978163362
2.33368,372766,6301,0.0001395524970691283
2.33548,373117,6311,0.00013925908407454515
2.33732,373476,6321,0.00013895906233143962
2.3397,373826,6331,0.00013864912201427652
2.34154,374185,6341,0.0001383884212003434
2.34333,374534,6351,0.00013816141952669586
2.34504,374865,6361,0.00013793449003091963
2.34684,375218,6371,0.00013768340643596777
2.34862,375566,6381,0.00013742869912267835
2.35042,375919,6391,0.00013717525291000524
2.35217,376261,6401,0.00013693774517136922
2.35397,376613,6411,0.0001367123341689952
2.35574,376960,6421,0.0001364826085993847
2.35816,377307,6431,0.00013624097810853962
2.35994,377656,6441,0.00013599717946725584
2.36172,378006,6451,0.00013574862647333479
2.36349,378351,6461,0.0001355195025090801
2.36518,378682,6471,0.0001352811363469139
2.36699,379036,6481,0.00013502666932758978
2.36876,379384,6491,0.0001347621196840492
2.37056,379733,6501,0.00013450242180095516
2.37227,380067,6511,0.00013424478723076012
2.37402,380409,6521,0.0001339721385956883
2.37639,380764,6531,0.00013368775744769003
2.3781,381099,6541,0.0001334031490606031
2.37989,381450,6551,0.0001331031192298559
2.38171,381808,6561,0.0001328030281104245
2.38344,382147,6571,0.00013251008797927726
2.3852,382494,6581,0.00013221778331062514
2.38702,382848,6591,0.00013189656774441685
2.38876,383187,6601,0.0001316029393549599
2.39062,383550,6611,0.00013129298010411058
2.39242,383902,6621,0.00013097772031478438
2.3947,384243,6631,0.00013066353186704828
2.39652,384599,6641,0.00013034577941025555
2.39831,384952,6651,0.00013006655761436427
2.40012,385307,6661,0.00012983168866117362
2.40179,385632,6671,0.00012961253245909014
2.40361,385989,6681,0.00012939302639161307
2.40534,386325,6691,0.0001291762195007838
2.40711,386670,6701,0.0001289444787082386
2.40892,387026,6711,0.0001287175377040449
2.41065,387365,6721,0.00012848956427560093
2.41297,387712,6731,0.00012825807557047958
2.41469,388048,6741,0.00012803858569807383
2.41642,388389,6751,0.00012782728488855595
2.4181,388716,6761,0.00012764436813518694
2.41989,389067,6771,0.00012744592968042673
2.42157,389395,6781,0.00012725000998328566
2.42336,389742,6791,0.00012704556596481072
2.42507,390075,6801,0.0001268493231646045
2.42673,390400,6811,0.00012664175693387347
2.42839,390723,6821,0.0001264401061826098
2.43065,391052,6831,0.00012622298676266339
2.43244,391402,6841,0.00012600728469527
2.43423,391755,6851,0.00012587310683519724
2.43596,392094,6861,0.00012573189786956214
2.43767,392427,6871,0.00012558475501431993
2.43947,392779,6881,0.0001254391482968381
2.44116,393108,6891,0.00012529635107026878
2.44287,393444,6901,0.0001251488835828582
2.44457,393776,6911,0.0001249889257741322
2.44637,394129,6921,0.00012482278137784797
2.44868,394465,6931,0.00012465854965013935
2.45037,394793,6941,0.00012451351211099568
2.45199,395112,6951,0.00012438619486116777
2.45378,395464,6961,0.00012431462482923213
2.45549,395797,6971,0.00012424789119411944
2.4572,396132,6981,0.00012419055605505935
2.45885,396453,6991,0.00012413461523731566
2.46055,396785,7001,0.0001240600446970573
2.4623,397129,7011,0.00012398163649418592
2.46406,397472,7021,0.00012390229328574677
2.46633,397809,7031,0.00012381595749546594
2.46809,398155,7041,0.0001237291792239633
2.46981,398493,7051,0.00012364186785499692
2.47154,398833,7061,0.00012353858725481365
2.47321,399160,7071,0.00012342604733930028
2.47491,399491,7081,0.00012334050193959015
2.47667,399832,7091,0.0001232806477132562
2.47833,400156,7101,0.00012322052564287672
2.48008,400498,7111,0.00012314331669907586
2.48178,400829,7121,0.00012305846558999071
2.484,401154,7131,0.00012296663437771395
2.4857,401487,7141,0.00012289675945610992
2.48734,401808,7151,0.00012280456465828954
2.48898,402127,7161,0.00012272503381337112
2.49073,402470,7171,0.00012274826353434777
2.49241,402797,7181,0.00012276663754478938
2.49413,403135,7191,0.00012278843750806664
2.49584,403469,7201,0.00012281102862563703
2.49754,403801,7211,0.0001228285875851335
2.49928,404140,7221,0.00012283279089850968
2.50093,404464,7231,0.0001228442958064735
2.50315,404789,7241,0.00012284073061677794
2.50483,405118,7251,0.00012283286103553955
2.50657,405458,7261,0.00012282913091479428
2.50823,405783,7271,0.0001228323629918638
2.50985,406099,7281,0.00012282515868416131
2.51154,406430,7291,0.00012280519290186476
2.51319,406753,7301,0.00012278344486696575
2.51486,407078,7311,0.00012274956917537883
2.51659,407416,7321,0.00012272413387093284
2.5183,407749,7331,0.00012267706489047306
2.52048,408067,7341,0.00012265003143629126
2.52212,408386,7351,0.00012261346390076214
2.52377,408709,7361,0.00012255383862871776
2.52542,409029,7371,0.00012250197403404668
2.52707,409351,7381,0.00012247783798578597
2.52871,409673,7391,0.00012249912587608373
2.53039,410000,7401,0.00012251558778159088
2.53203,410318,7411,0.0001225428452131163
2.5337,410644,7421,0.00012255028691270792
2.53541,410978,7431,0.0001225564508300827
2.53764,411304,7441,0.0001225540720301635
2.53931,411631,7451,0.00012255574920779465
2.54104,411970,7461,0.00012254550119205308
2.54271,412297,7471,0.00012253604055900875
2.54435,412618,7481,0.00012252693783895707
2.54594,412928,7491,0.0001225097768616963
2.5476,413253,7501,0.00012248549520076264
2.54924,413574,7511,0.00012247026355298452
2.5509,413898,7521,0.00012243021272639702
2.55261,414232,7531,0.00012240215176397354
2.55428,414554,7541,0.00012236614006482134
2.55652,414882,7551,0.0001223328172443531
2.55824,415219,7561,0.00012229944222851528
2.55986,415533,7571,0.00012225532921539446
2.56149,415852,7581,0.00012221025921517643
2.56316,416179,7591,0.00012215578667902627
2.56479,416499,7601,0.00012209971842099335
2.56643,416820,7611,0.00012202825255115159
2.56814,417153,7621,0.00012196804945388724
2.56973,417463,7631,0.00012189824028690024
2.57134,417778,7641,0.00012182423438602402
2.57357,418103,7651,0.0001217525418762324
2.57529,418437,7661,0.00012166970255576837
2.57692,418755,7671,0.00012157637377616624
2.57862,419088,7681,0.00012150718679041113
2.58026,419409,7691,0.00012142149044232046
2.58186,419719,7701,0.00012132028624190286
2.58355,420051,7711,0.00012127826889505276
2.58507,420346,7721,0.00012128279137977108
2.58682,420688,7731,0.00012126215958724665
2.58844,421007,7741,0.00012124249895744191
2.59004,421317,7751,0.00012124155018272686
2.5923,421647,7761,0.00012121062714122964
2.59394,421966,7771,0.00012119628065399186
2.59558,422287,7781,0.00012117344212538884
2.59723,422610,7791,0.00012115504292999242
2.59895,422942,7801,0.00012111546127177228
2.60062,423270,7811,0.0001210843170402643
2.60224,423586,7821,0.000121032782553359
2.60394,423915,7831,0.0001210012331311211
2.60554,424223,7841,0.00012096484947486663
2.60723,424549,7851,0.00012093074872859128
2.60887,424870,7861,0.00012089492877830586
2.61116,425198,7871,0.00012085121667120523
2.61285,425528,7881,0.00012081593065868881
2.61443,425836,7891,0.00012076948129908366
2.61611,426161,7901,0.00012071895444069024
2.61782,426496,7911,0.00012065864409322932
2.61938,426799,7921,0.00012060376548715841
2.62102,427116,7931,0.00012054338780700079
2.62257,427418,7941,0.00012048604549724957
2.62423,427741,7951,0.00012042789372498051
2.62587,428059,7961,0.0001203668239590349
2.62811,428373,7971,0.00012030606527238183
2.62975,428691,7981,0.0001202424991009407
2.63129,428991,7991,0.00012016476030387267
2.63286,429294,8001,0.00012008669765932109
2.63447,429608,8011,0.00012001580705655983
2.63603,429911,8021,0.00011993847702360637
2.6377,430238,8031,0.00011984682392512588
2.63939,430567,8041,0.00011974775085507594
2.64103,430887,8051,0.00011966316415859546
2.64271,431215,8061,0.00011956478470488523
2.64426,431516,8071,0.00011946262436163604
2.64649,431834,8081,0.00011936174319362135
2.64818,432166,8091,0.00011924943824878631
2.64976,432474,8101,0.00011915297660919019
2.65141,432794,8111,0.00011905201636969523
2.65305,433113,8121,0.00011894359620929877
2.6546,433414,8131,0.00011883054675734459
2.65624,433732,8141,0.00011872379893532181
2.65781,434036,8151,0.00011860908721156131
2.65935,434336,8161,0.00011849289054580332
2.66101,434657,8171,0.00011837233717038043
2.66259,434962,8181,0.00011824008270195502
2.66485,435290,8191,0.00011812947491511745
2.66642,435593,8201,0.00011801287661674167
2.66802,435905,8211,0.00011788834478695942
2.66965,436223,8221,0.00011774983523169143
2.67125,436533,8231,0.00011762109863938837
2.67286,436847,8241,0.00011746944880461005
2.67452,437170,8251,0.00011733876866333072
2.67607,437472,8261,0.00011720164056159242
2.67767,437783,8271,0.0001170622344173651
2.67927,438094,8281,0.00011692211697364972
2.68085,438403,8291,0.00011678485759182393
2.68309,438717,8301,0.00011662695016733012
2.68464,439019,8311,0.00011646456681920284
2.68626,439335,8321,0.00011631294172480093
2.68787,439647,8331,0.00011615588165241227
2.68945,439954,8341,0.00011599289872118827
2.69109,440272,8351,0.00011582768591355229
2.69269,440583,8361,0.00011566064923170145
2.69427,440891,8371,0.00011549429686757637
2.69588,441201,8381,0.00011533485823037037
2.69746,441504,8391,0.00011518419088102187
2.69905,441810,8401,0.00011504756486584167
2.70135,442139,8411,0.0001149110169234805
2.70291,442441,8421,0.00011477679511061843
2.70454,442760,8431,0.00011463300015135576
2.70612,443065,8441,0.00011447548567264203
2.70769,443371,8451,0.00011435411872945216
2.70933,443690,8461,0.00011425800189815774
2.7109,443995,8471,0.00011417235751778713
2.71256,444318,8481,0.0001140878014322215
2.71412,444620,8491,0.00011401484185985869
2.71571,444927,8501,0.00011395184241865843
2.71793,445236,8511,0.00011389866165481023
2.71949,445538,8521,0.0001138350998233107
2.72106,445839,8531,0.0001138120921554079
2.72268,446156,8541,0.00011379945768713769
2.72432,446474,8551,0.0001137892671073202
2.72588,446776,8561,0.00011378194186666829
2.72749,447091,8571,0.00011376928329605296
2.72904,447394,8581,0.0001137528484537638
2.73062,447703,8591,0.00011373200980267957
2.73223,448013,8601,0.00011371404455574365
2.73389,448338,8611,0.00011368984698587048
2.73616,448664,8621,0.00011366016231930884
2.7378,448982,8631,0.00011363586735521798
2.73936,449284,8641,0.00011359791620835745
2.74096,449594,8651,0.00011356732599646091
2.74245,449885,8661,0.00011354322073272964
2.74404,450193,8671,0.0001135149698742767
2.74562,450499,8681,0.00011349944506770966
2.74712,450790,8691,0.00011345564885146923
2.74863,451081,8701,0.00011342277547924176
2.75024,451393,8711,0.00011339372274342743
2.75177,451690,8721,0.00011336322256784957
2.75336,452001,8731,0.00011332160356579413
2.75554,452301,8741,0.00011327737040527433
2.75715,452614,8751,0.0001132293670165381
2.75873,452924,8761,0.00011318515423518714
2.76026,453220,8771,0.00011312906331092075
2.76185,453530,8781,0.00011308140142377195
2.76341,453835,8791,0.0001130323139546998
2.76501,454145,8801,0.0001129824555718556
2.76662,454460,8811,0.00011291816301750406
2.76821,454772,8821,0.00011286911924048189
2.76984,455090,8831,0.00011281111672681483
2.77134,455383,8841,0.00011275632330690413
2.77334,455660,8851,0.00011269221908874819
2.7749,455964,8861,0.00011262560543203425
2.77644,456263,8871,0.00011255130191510296
2.77808,456585,8881,0.00011248157354083049
2.77965,456892,8891,0.00011241227272720637
2.78125,457203,8901,0.00011233022904424961
2.78282,457511,8911,0.00011225770497479484
2.78436,457812,8921,0.0001121705818934466
2.78589,458111,8931,0.00011211670084241773
2.78743,458410,8941,0.00011207410810076639
2.78894,458705,8951,0.00011202025485533909
2.79108,459016,8961,0.00011195472392989438
2.79263,459319,8971,0.00011190946533869671
2.79418,459621,8981,0.0001118758538731588
2.79574,459925,8991,0.00011181837688200788
2.79735,460236,9001,0.00011176990693442974
2.79891,460540,9011,0.00011170433745965117
2.80042,460833,9021,0.00011164215456700884
2.80201,461141,9031,0.00011158515521338293
2.80361,461453,9041,0.0001115272034640357
2.8052,461763,9051,0.00011145651199552173
2.80671,462057,9061,0.00011139069605782884
2.80889,462359,9071,0.00011133495235172812
2.81041,462652,9081,0.00011127651011677044
2.81193,462946,9091,0.00011120675039344441
2.81343,463236,9101,0.00011116354668447119
2.81498,463538,9111,0.00011119642827768679
2.81648,463831,9121,0.00011122642529056911
2.81798,464121,9131,0.00011125419803797304
2.81945,464409,9141,0.00011127004063415241
2.82096,464702,9151,0.00011127899665439034
2.8225,465001,9161,0.00011128467180183434
2.82395,465282,9171,0.00011129553314419283
2.8262,465600,9181,0.00011130571259740374
2.82773,465897,9191,0.00011131740281144706
2.8292,466181,9201,0.00011132153569760536
2.83074,466485,9211,0.00011132111823408328
2.83227,466782,9221,0.00011132187780656458
2.83378,467077,9231,0.00011132200322154853
2.83536,467385,9241,0.0001113708682264538
2.83688,467683,9251,0.00011141732094994625
2.83833,467966,9261,0.0001114604688219889
2.8399,468272,9271,0.00011149624028722847
2.84145,468575,9281,0.00011153401800081605
2.84296,468870,9291,0.00011157428476196891
2.84504,469168,9301,0.00011160994433490404
2.84653,469458,9311,0.00011164964373656071
2.84799,469743,9321,0.00011168425991128772
2.84951,470040,9331,0.00011170317380401924
2.85103,470336,9341,0.00011173404505646946
2.85252,470627,9351,0.00011174620460110106
2.85407,470929,9361,0.00011174632948008321
2.85559,471226,9371,0.0001117503649207905
2.85713,471523,9381,0.00011174637059327766
2.85864,471817,9391,0.00011174982651460282
2.86016,472110,9401,0.0001117545760042915
2.86229,472412,9411,0.00011175231203415167
2.86386,472717,9421,0.00011174443873683895
2.86532,473004,9431,0.00011173532993858856
2.86683,473299,9441,0.00011172249081649148
2.86834,473592,9451,0.00011170119655483889
2.86994,473905,9461,0.00011169223808627816
2.87149,474205,9471,0.00011168336236872488
2.87302,474504,9481,0.0001116685718013169
2.87453,474796,9491,0.00011163620902688437
2.87609,475098,9501,0.00011160949786243914
2.87757,475388,9511,0.00011158197989031247
2.87903,475673,9521,0.0001115548436128929
2.88118,475981,9531,0.00011153269673642822
2.88275,476281,9541,0.00011150443370894214
2.88436,476581,9551,0.00011145928613557829
2.88594,476877,9561,0.00011141554473828238
2.88751,477172,9571,0.00011136694336139584
2.88906,477461,9581,0.00011131307176631688
2.8906,477756,9591,0.00011127251664120111
2.89225,478062,9601,0.00011122237496341038
2.89377,478355,9611,0.00011117702635670898
2.89535,478649,9621,0.00011114326514399635
2.89688,478944,9631,0.00011113603980475104
2.89914,479250,9641,0.00011111278187942754
2.90066,479543,9651,0.00011108378358957831
2.90232,479855,9661,0.00011107143629385079
2.90384,480141,9671,0.00011104648235856288
2.90538,480428,9681,0.00011101275765157056
2.90697,480729,9691,0.00011098035066381927
2.90856,481033,9701,0.00011095123615537279
2.91015,481336,9711,0.00011090126758248747
2.91173,481646,9721,0.00011085952161892995
2.91321,481934,9731,0.0001108164437341793
2.91473,482232,9741,0.00011078764517154054
2.91673,482522,9751,0.0001107612469265773
2.91826,482819,9761,0.00011073609818471226
2.91974,483109,9771,0.00011070703066673286
2.92121,483397,9781,0.00011067287538297707
2.92277,483701,9791,0.00011063394503076605
2.92431,484001,9801,0.00011060210375968445
2.92591,484308,9811,0.00011056060226130766
2.92741,484601,9821,0.00011051507657839146
2.92886,484880,9831,0.0001104679775124854
2.93038,485173,9841,0.00011042198386428288
2.9319,485465,9851,0.0001103554353383742
2.9334,485752,9861,0.00011029630068322416
2.93546,486046,9871,0.00011023278240669676
2.93697,486335,9881,0.00011016029301640778
2.93856,486644,9891,0.00011008480718338945
2.94005,486929,9901,0.0001100092628767372
2.94169,487222,9911,0.00010994048791594484
2.94323,487508,9921,0.00010985484802319284
2.94476,487800,9931,0.00010977609917494496
2.94634,488097,9941,0.00010968882285302718
2.9478,488381,9951,0.00010959968190184938
2.94933,488674,9961,0.00010954086553057081
2.95084,488966,9971,0.00010947604242143513
2.95294,489242,9981,0.00010941613748610517
2.95445,489529,9991,0.00010935731282183184
2.95593,489815,10001,0.00010929530155890342
2.95749,490119,10011,0.00010923008790843063
2.95895,490401,10021,0.00010916161715626531
2.96043,490689,10031,0.00010908400400820584
2.96195,490986,10041,0.00010901470473623394
2.96349,491286,10051,0.0001089468543234804
2.96489,491557,10061,0.00010885393848477677
2.96641,491854,10071,0.00010878235399246726
2.96792,492146,10081,0.00010869245623151488
2.96945,492444,10091,0.00010860181871623353
2.97154,492731,10101,0.00010850873087066629
2.973,493010,10111,0.00010840223338532892
2.97453,493305,10121,0.00010830516935050535
2.97603,493588,10131,0.00010820227339425684
2.9776,493887,10141,0.00010810455302409996
2.97908,494168,10151,0.00010799737679811905
2.98053,494450,10161,0.00010789193221325336
2.98198,494731,10171,0.00010778922391110717
2.98346,495015,10181,0.00010767219188251298
2.98494,495299,10191,0.00010755335050709192
2.98653,495602,10201,0.00010744169034182863
2.98807,495898,10211,0.00010731865507145402
2.99019,496194,10221,0.00010720488727595547
2.99177,496498,10231,0.00010708492251984558
2.99322,496778,10241,0.00010694840207204487
2.99466,497055,10251,0.00010683666777190452
2.9962,497351,10261,0.00010670626897612417
2.99766,497628,10271,0.00010657196614461545
2.99919,497924,10281,0.00010644221226072288
3.00068,498211,10291,0.00010629650787880723
3.00216,498495,10301,0.00010614630547087917
3.00365,498779,10311,0.00010598932647587142
3.00513,499065,10321,0.00010583872956525242
3.00661,499351,10331,0.00010568231203225871
3.00867,499625,10341,0.00010553184851564736
3.01015,499911,10351,0.00010538172578815688
3.01164,500200,10361,0.00010523191751226312
3.01317,500496,10371,0.00010513608303436978
3.01462,500776,10381,0.00010504590584639248
3.01607,501055,10391,0.00010494864924584339
3.01757,501346,10401,0.00010484903194354911
3.01904,501630,10411,0.00010473830286856362
3.0205,501914,10421,0.00010462576349724341
3.02194,502193,10431,0.00010452050955556472
3.02347,502491,10441,0.00010441215925335694
3.02556,502779,10451,0.00010429490815238619
3.02696,503047,10461,0.00010417220330605041
3.02843,503333,10471,0.00010404844906557187
3.02983,503606,10481,0.0001039291007457234
3.03125,503883,10491,0.00010382233592877779
3.03273,504170,10501,0.00010373668051916023
3.03415,504444,10511,0.00010364030618693378
3.0357,504742,10521,0.00010354210420835362
3.03718,505019,10531,0.00010343155546007655
3.03861,505293,10541,0.0001033187077671225
3.0401,505579,10551,0.00010321397216385073
3.04161,505870,10561,0.00010309813187979987
3.04373,506155,10571,0.00010297295676978992
3.04518,506434,10581,0.00010283756714415601
3.04663,506715,10591,0.00010270817695881562
3.04808,506993,10601,0.00010258328262661813
3.04957,507282,10611,0.00010245242597920964
3.05103,507563,10621,0.00010233562130719
3.05247,507842,10631,0.00010225422099201416
3.05395,508128,10641,0.00010216767846975283
3.05539,508410,10651,0.00010207775972709623
3.05686,508695,10661,0.00010199276984452534
3.05838,508990,10671,0.00010190379930815827
3.05989,509281,10681,0.00010180265084649628
3.06188,509552,10691,0.00010171564712312814
3.06335,509834,10701,0.00010161201200214846
3.06483,510121,10711,0.00010150997602091649
3.06633,510410,10721,0.00010141086782514824
3.0678,510694,10731,0.00010130402215939409
3.06926,510976,10741,0.00010119640730945831
3.07072,511259,10751,0.00010108844394790019
3.07217,511538,10761,0.00010105486929995293
3.07365,511825,10771,0.00010101444663132911
3.07512,512112,10781,0.00010097810882077514
3.07658,512396,10791,0.00010093050992183994
3.07806,512684,10801,0.00010088238777170543
3.0802,512979,10811,0.00010082348842499304
3.08164,513259,10821,0.00010076694285605058
3.08309,513542,10831,0.00010074937052321001
3.08451,513819,10841,0.00010073682873680025
3.08595,514097,10851,0.00010071659160011334
3.08744,514387,10861,0.00010069631654676357
3.08888,514667,10871,0.00010067717054856005
3.09028,514939,10881,0.00010065446978901188
3.09175,515226,10891,0.00010063162199743479
3.09316,515498,10901,0.00010059459583510247
3.09459,515777,10911,0.0001005649163641157
3.09602,516054,10921,0.0001005224571808596
3.09796,516328,10931,0.0001004794246389426
3.09942,516613,10941,0.0001004493436985495
3.10088,516896,10951,0.00010040184912284665
3.10238,517190,10961,0.00010036480956418861
3.10389,517483,10971,0.0001003254196399097
3.10532,517759,10981,0.00010027719652375665
3.1067,518029,10991,0.00010022097234308955
3.10815,518310,11001,0.00010016757955726499
3.10959,518590,11011,0.00010011880720970853
3.11106,518875,11021,0.00010006824488628316
3.11252,519156,11031,0.00010001149804976864
3.11393,519430,11041,9.995209594728348e-5
3.11588,519701,11051,9.989216085024011e-5
3.11729,519975,11061,9.982644891359978e-5
3.11874,520257,11071,9.976796872131904e-5
3.12012,520527,11081,9.97093842489312e-5
3.12159,520813,11091,9.963591498800967e-5
